,Step_0 Pred,Step_1 Pred,Step_2 Pred,Step_3 Pred,Step_4 Pred,Step_5 Pred,Step_0 True,Step_1 True,Step_2 True,Step_3 True,Step_4 True,Step_5 True
0,1384.1952885491414,1353.740518631212,1376.8279228442357,1432.0482066334218,1505.4817004241668,1523.181219259547,1292.5032430536005,1307.367544407826,1297.4567658024616,1336.838951554346,1335.5845496134998,1391.5273452775984
1,1291.5211246514054,1315.0652901390642,1333.1129990351533,1374.2332574867733,1392.902062166829,1400.8377157371797,1307.367544407826,1297.4567658024616,1336.838951554346,1335.5845496134998,1391.5273452775984,1626.5855011170288
2,1272.7824019761347,1337.4507145692073,1352.7599556905343,1359.1833118004254,1404.703815339106,1414.2080740768527,1297.4567658024616,1336.838951554346,1335.5845496134998,1391.5273452775984,1626.5855011170288,1689.244701840929
3,1255.061962183343,1346.3974181259803,1312.7390196664587,1357.385587151491,1405.6474360687412,1398.9461967587358,1336.838951554346,1335.5845496134998,1391.5273452775984,1626.5855011170288,1689.244701840929,1647.4300853678649
4,1262.962851188776,1303.3554647424755,1313.4376552070764,1357.4173963395256,1407.1388903448656,1406.3253061980993,1335.5845496134998,1391.5273452775984,1626.5855011170288,1689.244701840929,1647.4300853678649,1643.4366712407254
5,1276.2772129138164,1326.4999543931942,1330.8197821197962,1372.801999571379,1421.817391820817,1317.6042699741977,1391.5273452775984,1626.5855011170288,1689.244701840929,1647.4300853678649,1643.4366712407254,1656.1627574198199
6,1360.4771446907423,1375.837016084466,1375.776897496812,1413.3514814191255,1456.3170616421176,1292.1458757699384,1626.5855011170288,1689.244701840929,1647.4300853678649,1643.4366712407254,1656.1627574198199,1663.3160916199079
7,1510.5269176294887,1463.1898683575112,1459.2291189222408,1491.250627453745,1466.7507864096897,1387.52560943134,1689.244701840929,1647.4300853678649,1643.4366712407254,1656.1627574198199,1663.3160916199079,1676.2009904199465
8,1582.2812907120142,1517.8353313428784,1514.4343925077824,1487.1564194202667,1518.310369290345,1460.033759165281,1647.4300853678649,1643.4366712407254,1656.1627574198199,1663.3160916199079,1676.2009904199465,1634.2337831720083
9,1601.4789523080444,1538.2712958530483,1492.7562364296791,1527.2401183165764,1556.8284183961423,1530.6060592675274,1643.4366712407254,1656.1627574198199,1663.3160916199079,1676.2009904199465,1634.2337831720083,1667.697282303378
10,1617.1289172747956,1512.5480843254222,1522.3408811746788,1565.049888020347,1596.555138874169,1601.684973186047,1656.1627574198199,1663.3160916199079,1676.2009904199465,1634.2337831720083,1667.697282303378,1664.3058317835391
11,1649.8327290009831,1608.795298875174,1605.5852151682839,1623.3062771456828,1642.787343830215,1647.6710263569369,1663.3160916199079,1676.2009904199465,1634.2337831720083,1667.697282303378,1664.3058317835391,1671.0960434923497
12,1641.650612553173,1609.3724528712692,1598.2568915474692,1603.661575909502,1616.4197823689344,1552.6898797094132,1676.2009904199465,1634.2337831720083,1667.697282303378,1664.3058317835391,1671.0960434923497,1685.2291223871644
13,1677.1004360424827,1649.2424313550644,1638.6797588276854,1643.8326139700234,1620.202431460443,1588.152457983167,1634.2337831720083,1667.697282303378,1664.3058317835391,1671.0960434923497,1685.2291223871644,1626.8773056977254
14,1690.8155624275255,1675.0436492777967,1666.2837566492842,1638.4973809647502,1646.5904472406794,1622.647383646839,1667.697282303378,1664.3058317835391,1671.0960434923497,1685.2291223871644,1626.8773056977254,1636.8631353213127
15,1714.3183526388168,1702.4759241478553,1667.216178055993,1667.9002700314213,1673.6570331079567,1654.7909959074727,1664.3058317835391,1671.0960434923497,1685.2291223871644,1626.8773056977254,1636.8631353213127,1663.807306367157
16,1715.6027749869522,1684.5896721572904,1676.071264929381,1677.8892105780435,1683.0198226206803,1665.8409945283072,1671.0960434923497,1685.2291223871644,1626.8773056977254,1636.8631353213127,1663.807306367157,1676.0434221682162
17,1679.5142012254514,1669.302985227968,1663.3264354389996,1665.3037381201377,1670.2812927494451,1657.8589882047327,1685.2291223871644,1626.8773056977254,1636.8631353213127,1663.807306367157,1676.0434221682162,1676.148026955273
18,1684.4003724906017,1672.223442000286,1669.8718952780202,1669.0795431809688,1669.4938403561741,1658.7981758690428,1626.8773056977254,1636.8631353213127,1663.807306367157,1676.0434221682162,1676.148026955273,1632.1533533922552
19,1657.0690470730335,1661.4188174338487,1657.7753043750872,1655.6471219267446,1650.4817453191902,1656.246596795617,1636.8631353213127,1663.807306367157,1676.0434221682162,1676.148026955273,1632.1533533922552,1639.683420371899
20,1650.5208651763571,1654.4207960662907,1651.6858280799431,1646.3897149318366,1646.990434169923,1645.705078544877,1663.807306367157,1676.0434221682162,1676.148026955273,1632.1533533922552,1639.683420371899,1618.1310233574918
21,1659.3365211002747,1653.0513677462197,1646.827032937502,1647.007699792768,1647.7771866055111,1649.5096596437834,1676.0434221682162,1676.148026955273,1632.1533533922552,1639.683420371899,1618.1310233574918,1623.6422568334783
22,1663.536967155403,1648.4902101651664,1646.9779127047066,1647.1626237599185,1648.109122093361,1647.0362425116157,1676.148026955273,1632.1533533922552,1639.683420371899,1618.1310233574918,1623.6422568334783,1639.320220107546
23,1660.7725231732975,1649.6588284033185,1648.1949057960553,1648.7971027225835,1650.1489543275056,1647.2548626279104,1632.1533533922552,1639.683420371899,1618.1310233574918,1623.6422568334783,1639.320220107546,1620.2680719364844
24,1651.3118173580428,1652.8511798489083,1653.0664557229402,1655.7349277294115,1658.593554906406,1658.7511231581364,1639.683420371899,1618.1310233574918,1623.6422568334783,1639.320220107546,1620.2680719364844,1647.5667326621838
25,1651.0260790772647,1652.3939519358178,1652.8818224408044,1655.8021236669708,1653.6040232234134,1656.6187409636962,1618.1310233574918,1623.6422568334783,1639.320220107546,1620.2680719364844,1647.5667326621838,1662.588602268139
26,1639.0403148074588,1644.6909954084958,1646.4405785234612,1644.7112941813002,1648.5791047908956,1648.6053143174668,1623.6422568334783,1639.320220107546,1620.2680719364844,1647.5667326621838,1662.588602268139,1641.603715388418
27,1637.3184189075062,1639.9609924797098,1636.1588223461558,1641.0210395039355,1646.3429733132336,1644.4509876963343,1639.320220107546,1620.2680719364844,1647.5667326621838,1662.588602268139,1641.603715388418,1639.320220107546
28,1643.8318362392647,1637.2378460008958,1637.9544471220415,1641.8332237353359,1646.5226291185131,1640.3980771661477,1620.2680719364844,1647.5667326621838,1662.588602268139,1641.603715388418,1639.320220107546,1676.2465654424113
29,1641.1758856980098,1637.2968757654878,1637.0792666991795,1640.3227150556213,1644.6418428245406,1644.1912256228998,1647.5667326621838,1662.588602268139,1641.603715388418,1639.320220107546,1676.2465654424113,1751.2267323931542
30,1649.1834793635485,1649.024277877225,1647.5638550583762,1648.4497681657094,1649.9997855679703,1643.8499573659444,1662.588602268139,1641.603715388418,1639.320220107546,1676.2465654424113,1751.2267323931542,1746.7434256610554
31,1659.1271559800093,1658.2844069297887,1656.841871918392,1657.1689854755375,1652.2377835994537,1649.934067318853,1641.603715388418,1639.320220107546,1676.2465654424113,1751.2267323931542,1746.7434256610554,1782.0461024908027
32,1657.72731838727,1659.3129558582834,1657.4920548327373,1651.7932326977314,1652.1086802934951,1652.2636820337211,1639.320220107546,1676.2465654424113,1751.2267323931542,1746.7434256610554,1782.0461024908027,1734.7535394182278
33,1653.719594014169,1657.6540561497925,1650.7271971466632,1650.806759003287,1651.559680150868,1649.5060043092171,1676.2465654424113,1751.2267323931542,1746.7434256610554,1782.0461024908027,1734.7535394182278,1701.975687723804
34,1667.2843072704627,1653.5227503591202,1650.5669068372772,1649.3093939733958,1649.4300977871594,1653.0048594468444,1751.2267323931542,1746.7434256610554,1782.0461024908027,1734.7535394182278,1701.975687723804,1777.6095373773069
35,1678.756458147166,1688.1713556207283,1686.7678626934228,1690.231564400753,1695.5043456260958,1697.3635110049743,1746.7434256610554,1782.0461024908027,1734.7535394182278,1701.975687723804,1777.6095373773069,1738.6360491391645
36,1715.517069057334,1704.8755346310143,1702.858567681178,1706.3335464845106,1712.143039706492,1700.2226825935,1782.0461024908027,1734.7535394182278,1701.975687723804,1777.6095373773069,1738.6360491391645,1744.084519742917
37,1746.4202007577037,1725.1824736083013,1721.8158326996677,1725.560139664768,1718.4866784136075,1719.6517190902691,1734.7535394182278,1701.975687723804,1777.6095373773069,1738.6360491391645,1744.084519742917,1728.1073634459444
38,1748.0012496172403,1731.27677183415,1730.100920699941,1722.7461542333276,1728.8962157545814,1733.0373987258902,1701.975687723804,1777.6095373773069,1738.6360491391645,1744.084519742917,1728.1073634459444,1707.7786480074114
39,1734.564473070767,1731.3808322096756,1718.9353512883513,1723.6391446905661,1728.9550121999455,1724.066507742519,1777.6095373773069,1738.6360491391645,1744.084519742917,1728.1073634459444,1707.7786480074114,1698.222359081902
40,1750.0340822745557,1744.2079456143365,1743.5907384841637,1748.8065898179634,1754.9504294931467,1721.098064982384,1738.6360491391645,1744.084519742917,1728.1073634459444,1707.7786480074114,1698.222359081902,1673.789480656178
41,1759.5706168387921,1754.4752359995284,1754.0089086365601,1758.9065903169403,1764.3116635443528,1753.132406071408,1744.084519742917,1728.1073634459444,1707.7786480074114,1698.222359081902,1673.789480656178,1764.6016015712282
42,1765.805062147374,1755.5561262080894,1754.9646619660325,1759.7986474972681,1765.191899217147,1733.888313949078,1728.1073634459444,1707.7786480074114,1698.222359081902,1673.789480656178,1764.6016015712282,1759.5458072275867
43,1764.3139967366292,1757.0317147767346,1756.7509539728126,1761.7051766793566,1755.3329174803177,1754.3403774859548,1707.7786480074114,1698.222359081902,1673.789480656178,1764.6016015712282,1759.5458072275867,1710.4486754754003
44,1750.0712578048256,1754.1047250660426,1753.3916237333115,1747.420284740427,1752.2225388567042,1757.5405062391324,1698.222359081902,1673.789480656178,1764.6016015712282,1759.5458072275867,1710.4486754754003,1723.9736466899199
45,1730.1505399223518,1737.406690128751,1729.4463824933466,1734.2609247556127,1739.6862967558293,1729.358421144528,1673.789480656178,1764.6016015712282,1759.5458072275867,1710.4486754754003,1723.9736466899199,1749.8726253690315
46,1716.89093044273,1721.4500659238106,1723.2153592001034,1729.9188539293093,1736.7687953603947,1735.956144490539,1764.6016015712282,1759.5458072275867,1710.4486754754003,1723.9736466899199,1749.8726253690315,1797.271115370953
47,1753.4639526938786,1744.1668036571966,1744.4698853338957,1748.974812981089,1753.3917015063873,1748.9909120077957,1759.5458072275867,1710.4486754754003,1723.9736466899199,1749.8726253690315,1797.271115370953,1746.8997495435713
48,1772.2442061916686,1756.087471862492,1754.7414532382609,1756.5568323754196,1758.804240949084,1748.5022637720504,1710.4486754754003,1723.9736466899199,1749.8726253690315,1797.271115370953,1746.8997495435713,1760.552813014063
49,1742.549979182756,1745.2836250268138,1744.9855986000468,1747.206253235609,1740.9871292229752,1743.2602806847556,1723.9736466899199,1749.8726253690315,1797.271115370953,1746.8997495435713,1760.552813014063,1820.1886631862578
50,1749.6419504259757,1747.5149345737714,1746.2022805990919,1739.4030472134793,1741.8525102382766,1741.7280733168707,1749.8726253690315,1797.271115370953,1746.8997495435713,1760.552813014063,1820.1886631862578,1839.2765091991478
51,1754.268437390767,1749.4323519864827,1740.5588328941117,1743.0999126022937,1746.381625312068,1742.7987752524916,1797.271115370953,1746.8997495435713,1760.552813014063,1820.1886631862578,1839.2765091991478,1843.0864566402895
52,1783.827883659182,1761.6631792183823,1761.771594886157,1765.6950910180817,1770.2695477951104,1751.9870419829438,1746.8997495435713,1760.552813014063,1820.1886631862578,1839.2765091991478,1843.0864566402895,1764.333206686371
53,1767.8448166084427,1762.785289157159,1762.8647732407069,1766.7601155191635,1771.2144128939597,1767.9309114034402,1760.552813014063,1820.1886631862578,1839.2765091991478,1843.0864566402895,1764.333206686371,1776.5422574570246
54,1768.321954428958,1761.8947874383487,1761.8968095383216,1765.8340715046768,1770.6505580938397,1763.1002701144673,1820.1886631862578,1839.2765091991478,1843.0864566402895,1764.333206686371,1776.5422574570246,1791.8891407470767
55,1791.211192844643,1769.504027409237,1769.4269542910413,1773.8037119091866,1771.5354601511865,1774.927999494088,1839.2765091991478,1843.0864566402895,1764.333206686371,1776.5422574570246,1791.8891407470767,1775.0828456881623
56,1804.9939040326242,1782.3472398406047,1782.5548161801248,1778.9630999898984,1786.0950465941196,1787.3156172469587,1843.0864566402895,1764.333206686371,1776.5422574570246,1791.8891407470767,1775.0828456881623,1748.0938773506118
57,1812.5224155507506,1795.7389080030684,1786.7916600347644,1792.9555651635244,1799.8615809823182,1797.4049628345404,1764.333206686371,1776.5422574570246,1791.8891407470767,1775.0828456881623,1748.0938773506118,1744.9277354315932
58,1788.1526888626402,1784.0553699061268,1785.1921011831687,1790.4214072590955,1795.5758956360269,1795.272813959328,1776.5422574570246,1791.8891407470767,1775.0828456881623,1748.0938773506118,1744.9277354315932,1719.114851547479
59,1780.1360735202998,1785.4696732909797,1785.094495972941,1787.8533402935834,1790.5321561191465,1791.8391326592869,1791.8891407470767,1775.0828456881623,1748.0938773506118,1744.9277354315932,1719.114851547479,1733.3834111404742
60,1777.6538680305578,1780.5175504574843,1779.3200006351053,1780.3667484633556,1781.0422854004373,1762.3916796201372,1775.0828456881623,1748.0938773506118,1744.9277354315932,1719.114851547479,1733.3834111404742,1785.767388625443
61,1783.0874839768173,1789.6407988965018,1790.488369877427,1792.7581770969446,1785.4664068217926,1774.3560562940766,1748.0938773506118,1744.9277354315932,1719.114851547479,1733.3834111404742,1785.767388625443,1827.6607892243721
62,1774.4994698459966,1783.3445239925964,1784.7714266157413,1781.0243198199094,1783.0058222471448,1775.678898541696,1744.9277354315932,1719.114851547479,1733.3834111404742,1785.767388625443,1827.6607892243721,1800.1072661290189
63,1768.8378232412608,1777.9779484377439,1772.7952284342684,1777.1165338493122,1779.5421205398147,1777.347986523127,1719.114851547479,1733.3834111404742,1785.767388625443,1827.6607892243721,1800.1072661290189,1813.7246317576823
64,1760.244131675901,1760.6821496392492,1762.0351678403097,1767.3269256961669,1771.5475149779477,1767.7423116944346,1733.3834111404742,1785.767388625443,1827.6607892243721,1800.1072661290189,1813.7246317576823,1799.7306111225387
65,1754.6659355815827,1758.1115939353092,1758.355879166644,1762.8296975834855,1766.9633365664342,1761.464157917209,1785.767388625443,1827.6607892243721,1800.1072661290189,1813.7246317576823,1799.7306111225387,1771.5357712434902
66,1779.4596810793832,1782.238201988223,1780.755458296597,1783.6302622733742,1787.2421994633291,1770.5276766339514,1827.6607892243721,1800.1072661290189,1813.7246317576823,1799.7306111225387,1771.5357712434902,1787.2446104286814
67,1802.8660326765853,1796.9250251832932,1795.3768743348535,1798.0661895256603,1789.9742120727933,1790.1330246937375,1800.1072661290189,1813.7246317576823,1799.7306111225387,1771.5357712434902,1787.2446104286814,1798.4959635429655
68,1809.4533344304284,1797.2284179522958,1795.1885857181514,1786.7201865780319,1788.7145215627875,1791.9822351189034,1813.7246317576823,1799.7306111225387,1771.5357712434902,1787.2446104286814,1798.4959635429655,1843.2119823847577
69,1810.097606591007,1798.852630868945,1788.7543413776373,1789.0022819435383,1790.1370688936831,1787.341671227378,1799.7306111225387,1771.5357712434902,1787.2446104286814,1798.4959635429655,1843.2119823847577,1820.609571072913
70,1811.9579385660236,1796.6345427448866,1794.7095035707391,1795.400284030693,1796.8390859344474,1796.3148176299496,1771.5357712434902,1787.2446104286814,1798.4959635429655,1843.2119823847577,1820.609571072913,1803.4949835412156
71,1784.1312764281845,1795.9747159691324,1794.8366625498006,1796.588267764739,1798.6179894990191,1792.4315301782542,1787.2446104286814,1798.4959635429655,1843.2119823847577,1820.609571072913,1803.4949835412156,1784.0279937834175
72,1801.2285983370368,1799.584242193735,1799.3961091231847,1802.2916785112216,1805.307329528415,1781.7417764448896,1798.4959635429655,1843.2119823847577,1820.609571072913,1803.4949835412156,1784.0279937834175,1792.3581901677007
73,1811.17600806114,1808.227864073809,1808.0662516221332,1811.6079597245698,1808.044630707039,1803.1746362416716,1843.2119823847577,1820.609571072913,1803.4949835412156,1784.0279937834175,1792.3581901677007,1652.0783487939025
74,1832.3421062076582,1829.8269249337436,1829.9872930162053,1826.990074217995,1831.4932908575188,1821.8567401177027,1820.609571072913,1803.4949835412156,1784.0279937834175,1792.3581901677007,1652.0783487939025,1913.5969271472125
75,1843.088789832566,1839.7352148006798,1833.1696117350066,1837.6535406517125,1841.341384363725,1834.5724824777053,1803.4949835412156,1784.0279937834175,1792.3581901677007,1652.0783487939025,1913.5969271472125,2024.2477931227604
76,1832.208336517147,1823.5752140023167,1824.7183226715806,1828.948866907074,1832.4903416902828,1825.855987225533,1784.0279937834175,1792.3581901677007,1652.0783487939025,1913.5969271472125,2024.2477931227604,1969.1421468474193
77,1809.905973732042,1815.1449236693777,1815.609228932373,1818.3928828642206,1821.0437003824675,1817.7447220498482,1792.3581901677007,1652.0783487939025,1913.5969271472125,2024.2477931227604,1969.1421468474193,1931.6544354508621
78,1807.5664818365374,1810.014233853665,1809.1441086807351,1810.5208476699383,1812.3701358681803,1808.303537276639,1652.0783487939025,1913.5969271472125,2024.2477931227604,1969.1421468474193,1931.6544354508621,1939.8713164635901
79,1765.3196803808155,1765.8815130809626,1758.0919173471118,1750.8069133295614,1736.789794090882,1732.6667322462526,1913.5969271472125,2024.2477931227604,1969.1421468474193,1931.6544354508621,1939.8713164635901,1547.0050567280655
80,1850.9707799805606,1766.263145564299,1743.0977349561692,1677.0869035272797,1652.3641648477565,1629.2563840888524,2024.2477931227604,1969.1421468474193,1931.6544354508621,1939.8713164635901,1547.0050567280655,1359.9349108057165
81,1896.3123276716442,1657.8078912938804,1533.0465783885984,1469.8884633829368,1446.9065194608045,1433.7852682831708,1969.1421468474193,1931.6544354508621,1939.8713164635901,1547.0050567280655,1359.9349108057165,1313.6468647811898
82,1821.5106499300427,1504.0018343363483,1438.1404827592976,1390.6929179464967,1373.2900256225173,1364.5283442132595,1931.6544354508621,1939.8713164635901,1547.0050567280655,1359.9349108057165,1313.6468647811898,1316.119970821054
83,1689.3263635706016,1510.4035695311452,1451.334451762878,1406.6925506623982,1391.8405374541617,1382.4838142413566,1939.8713164635901,1547.0050567280655,1359.9349108057165,1313.6468647811898,1316.119970821054,1277.3213164574868
84,1662.4392001893764,1540.9001035908216,1488.44994121828,1444.755938366609,1431.2535991171699,1470.490660309465,1547.0050567280655,1359.9349108057165,1313.6468647811898,1316.119970821054,1277.3213164574868,1281.713473144656
85,1432.4691922931527,1480.099212741965,1424.3686598019392,1334.5409904813605,1235.5182881727285,1252.3959011422237,1359.9349108057165,1313.6468647811898,1316.119970821054,1277.3213164574868,1281.713473144656,1353.3934173935656
86,1309.13073781107,1386.7428234226215,1317.3280200086767,1098.4174990485446,1035.1041489834295,1065.9964702262519,1313.6468647811898,1316.119970821054,1277.3213164574868,1281.713473144656,1353.3934173935656,762.8913255016229
87,1272.4843755493678,1296.30191339874,1096.4325746059706,1006.2977794087473,955.3965456154044,979.0648369321655,1316.119970821054,1277.3213164574868,1281.713473144656,1353.3934173935656,762.8913255016229,544.9809322715693
88,1213.6953186273395,1044.389320966426,988.4250599333851,945.842123243716,930.6668851321278,1011.064413456272,1277.3213164574868,1281.713473144656,1353.3934173935656,762.8913255016229,544.9809322715693,537.9543851980239
89,981.0747265320966,902.8211685906984,883.0668850906047,890.5837306473493,909.7645932589899,1063.613619840945,1281.713473144656,1353.3934173935656,762.8913255016229,544.9809322715693,537.9543851980239,535.4308360272265
90,1025.4709035993378,921.1858805440687,936.7240078277065,987.7745659267363,1040.314206223076,1146.3805049217312,1353.3934173935656,762.8913255016229,544.9809322715693,537.9543851980239,535.4308360272265,636.3174430115483
91,1230.335568169253,1231.3069538869772,1240.9587481496656,1301.7281409027914,1320.8164535541364,1510.014159740221,762.8913255016229,544.9809322715693,537.9543851980239,535.4308360272265,636.3174430115483,1054.1545472602836
92,672.4434742307192,971.9463450700713,1071.0475981853408,1074.9808159517502,1130.914473279433,938.4911676578205,544.9809322715693,537.9543851980239,535.4308360272265,636.3174430115483,1054.1545472602836,940.5159896883204
93,651.5603145342474,1037.4665839363183,933.0020606219214,957.2436561675216,944.1766905968511,727.8602905826506,537.9543851980239,535.4308360272265,636.3174430115483,1054.1545472602836,940.5159896883204,633.5403025748057
94,884.6955699591169,1015.2059464064223,966.8953726571343,919.2343207510465,857.1787168690403,633.8000938131437,535.4308360272265,636.3174430115483,1054.1545472602836,940.5159896883204,633.5403025748057,535.4776141019589
95,1011.5114142098844,1052.5052136401257,967.0425582032345,901.0214218417913,846.5144727045639,636.6824417782811,636.3174430115483,1054.1545472602836,940.5159896883204,633.5403025748057,535.4776141019589,539.1780011528654
96,1030.0518155416646,942.115548539916,870.9493343437225,834.6288023834137,826.1001874392953,610.4227904597824,1054.1545472602836,940.5159896883204,633.5403025748057,535.4776141019589,539.1780011528654,546.5726165992321
97,960.1884947991276,657.0145403456149,639.9641933745934,659.2937969938517,638.7438949275199,558.4766365054724,940.5159896883204,633.5403025748057,535.4776141019589,539.1780011528654,546.5726165992321,551.4966147441628
98,736.9746728910178,589.5442971478633,594.7587096797592,579.6944926339878,635.7304993295269,733.7985371317487,633.5403025748057,535.4776141019589,539.1780011528654,546.5726165992321,551.4966147441628,542.746669778137
99,677.3706319068574,657.2280857687086,632.9602029234615,685.1203883825893,772.048113579613,915.5044406915217,535.4776141019589,539.1780011528654,546.5726165992321,551.4966147441628,542.746669778137,559.9486620950788
100,696.1494077162055,699.1761025101737,725.8467067616151,815.3374047876806,943.5590168282232,1081.3849621118993,539.1780011528654,546.5726165992321,551.4966147441628,542.746669778137,559.9486620950788,683.2246891013169
101,701.2408221285993,738.7578928613008,781.8026071889992,907.7688194723306,1060.0389748408738,1166.3790347666215,546.5726165992321,551.4966147441628,542.746669778137,559.9486620950788,683.2246891013169,998.0295681659394
102,822.3910339044921,883.4728605466912,951.4773270026532,1120.459477575608,1265.6273567683775,1264.267338990488,551.4966147441628,542.746669778137,559.9486620950788,683.2246891013169,998.0295681659394,1444.8960854493423
103,729.7300330998485,786.268726071329,844.2298108275535,957.5461156596136,1017.3950640597158,1024.043184358896,542.746669778137,559.9486620950788,683.2246891013169,998.0295681659394,1444.8960854493423,1481.6328200252156
104,696.1247730944209,778.4774971028846,796.5246615874426,790.9100871368822,819.4616915582549,824.5340126805206,559.9486620950788,683.2246891013169,998.0295681659394,1444.8960854493423,1481.6328200252156,1567.3510377894436
105,700.9330740673477,835.4637741260466,839.1333411652275,884.0064616202944,915.6001404613904,935.3616568575408,683.2246891013169,998.0295681659394,1444.8960854493423,1481.6328200252156,1567.3510377894436,1577.4981687724032
106,901.37980017544,950.0471579103212,980.8428461063646,1020.6599388985624,1046.379417318546,1042.9651792874747,998.0295681659394,1444.8960854493423,1481.6328200252156,1567.3510377894436,1577.4981687724032,1565.6719948543002
107,1265.8565540229918,1245.2466889151574,1272.499541299164,1331.0056597711462,1401.8155566202017,1426.854131760868,1444.8960854493423,1481.6328200252156,1567.3510377894436,1577.4981687724032,1565.6719948543002,1581.8547053908198
108,1504.7741987528989,1486.9586424883075,1514.9897700426316,1570.1606679286347,1632.3896279967744,1635.3362942956637,1481.6328200252156,1567.3510377894436,1577.4981687724032,1565.6719948543002,1581.8547053908198,1551.1793710296986
109,1490.7708453486498,1519.5590160235763,1542.6269769676303,1594.3608493113297,1613.2318639886698,1624.9993970075602,1567.3510377894436,1577.4981687724032,1565.6719948543002,1581.8547053908198,1551.1793710296986,1517.248144619995
110,1545.6607491115035,1623.75658325502,1647.4674164442868,1658.106073266799,1720.8206484207249,1717.435497520032,1577.4981687724032,1565.6719948543002,1581.8547053908198,1551.1793710296986,1517.248144619995,1711.0518834519148
111,1560.2511336924845,1660.79134425766,1623.1277879365414,1688.7646086435304,1757.9530924066685,1736.6322258391517,1565.6719948543002,1581.8547053908198,1551.1793710296986,1517.248144619995,1711.0518834519148,1878.2069111532533
112,1559.9051990509763,1609.4912901312118,1628.485341814592,1692.3725016335397,1762.1254623814048,1778.3297938330188,1581.8547053908198,1551.1793710296986,1517.248144619995,1711.0518834519148,1878.2069111532533,1896.9723099935502
113,1604.4499615796838,1655.3733606996518,1665.740511714272,1722.9601079650697,1786.6200926293761,1624.9895975999996,1551.1793710296986,1517.248144619995,1711.0518834519148,1878.2069111532533,1896.9723099935502,1921.1998674989545
114,1630.4449122344295,1636.2645159562749,1640.3244260632907,1689.0613907010832,1742.0775855198692,1551.1564279723145,1517.248144619995,1711.0518834519148,1878.2069111532533,1896.9723099935502,1921.1998674989545,1893.3137089580682
115,1567.8428747213002,1590.3954334915065,1594.0015377007705,1637.165283721101,1619.0597116565584,1528.0649795593451,1711.0518834519148,1878.2069111532533,1896.9723099935502,1921.1998674989545,1893.3137089580682,1882.9104712362405
116,1690.6138968417722,1629.6676481140987,1630.024937624685,1607.0343608911303,1639.8943409536819,1573.9373284933006,1878.2069111532533,1896.9723099935502,1921.1998674989545,1893.3137089580682,1882.9104712362405,1858.9700519269802
117,1778.5854339334317,1702.7839055283346,1650.7461737771775,1676.9903093670384,1700.327754019012,1677.1908083566536,1896.9723099935502,1921.1998674989545,1893.3137089580682,1882.9104712362405,1858.9700519269802,1815.6758026853252
118,1816.195482378346,1737.3617372908932,1737.5969230723501,1773.045968830901,1812.3015400152553,1798.5339168039943,1921.1998674989545,1893.3137089580682,1882.9104712362405,1858.9700519269802,1815.6758026853252,1819.7590447151044
119,1822.699022529468,1781.1881876907858,1782.352295090537,1805.6340542201813,1828.655973503315,1875.1298971791916,1893.3137089580682,1882.9104712362405,1858.9700519269802,1815.6758026853252,1819.7590447151044,1877.8191345969226
120,1801.382822346504,1753.5647466002174,1753.8017989354953,1773.006304562203,1794.0774417830735,1811.0389719014418,1882.9104712362405,1858.9700519269802,1815.6758026853252,1819.7590447151044,1877.8191345969226,1869.0531756684913
121,1833.451305815839,1797.425572699648,1796.2949854956007,1813.0419396976197,1799.8159281867775,1808.3145810534138,1858.9700519269802,1815.6758026853252,1819.7590447151044,1877.8191345969226,1869.0531756684913,1830.6335872767565
122,1861.8549664036216,1832.331995707794,1828.8035868013326,1810.975353525373,1827.7660939691118,1793.19152867574,1815.6758026853252,1819.7590447151044,1877.8191345969226,1869.0531756684913,1830.6335872767565,1785.8535611935165
123,1873.9870996022312,1855.4262439514948,1826.2008330439787,1833.8110840648535,1847.945407328882,1810.7600776513411,1819.7590447151044,1877.8191345969226,1869.0531756684913,1830.6335872767565,1785.8535611935165,1755.4183123176326
124,1874.9471304508768,1846.835741082246,1840.9181432847936,1846.8841159354424,1856.7149438188037,1824.386076091427,1877.8191345969226,1869.0531756684913,1830.6335872767565,1785.8535611935165,1755.4183123176326,1785.4830502600307
125,1887.852794662175,1865.2721598115766,1861.1010342060542,1869.3023606036065,1878.9309784896832,1853.8284738806444,1869.0531756684913,1830.6335872767565,1785.8535611935165,1755.4183123176326,1785.4830502600307,1802.9928027902674
126,1894.5490564953243,1862.4829062182657,1860.9395773005303,1871.3714355142813,1881.9779720564559,1841.9755460244394,1830.6335872767565,1785.8535611935165,1755.4183123176326,1785.4830502600307,1802.9928027902674,1801.3173374166142
127,1864.0478560510953,1850.7124178224917,1852.1883952565163,1860.3626566236626,1855.5948559799997,1853.9418670252755,1785.8535611935165,1755.4183123176326,1785.4830502600307,1802.9928027902674,1801.3173374166142,1817.3572565858208
128,1843.6793985707882,1857.89367255682,1859.7732922546545,1856.4509819992716,1862.034777755053,1860.5490009134678,1755.4183123176326,1785.4830502600307,1802.9928027902674,1801.3173374166142,1817.3572565858208,1762.5999559173401
129,1828.5461579201744,1858.9420536196637,1850.3019315280044,1858.347867319951,1866.514195833358,1870.0441602013368,1785.4830502600307,1802.9928027902674,1801.3173374166142,1817.3572565858208,1762.5999559173401,1753.8882048227965
130,1822.9464964569138,1832.1902931635432,1834.1587297140309,1842.2578622898786,1851.0266210490413,1852.7446282952,1802.9928027902674,1801.3173374166142,1817.3572565858208,1762.5999559173401,1753.8882048227965,1687.569314240352
131,1832.7217943640976,1834.649477822825,1837.3402707020734,1846.1099627381468,1855.255765369169,1854.2906014975154,1801.3173374166142,1817.3572565858208,1762.5999559173401,1753.8882048227965,1687.569314240352,1637.7026956754223
132,1823.2913422753595,1826.8258174817395,1828.3878119376857,1834.8708199967755,1841.0886218671196,1825.9891347314372,1817.3572565858208,1762.5999559173401,1753.8882048227965,1687.569314240352,1637.7026956754223,1572.6739048756524
133,1833.003955083385,1821.4683413767648,1823.7694911458614,1830.6825843145602,1829.672156512745,1829.1793863039782,1762.5999559173401,1753.8882048227965,1687.569314240352,1637.7026956754223,1572.6739048756524,1548.2250051962976
134,1817.41029782357,1822.513144878118,1824.6408606880054,1823.4571544731327,1829.368530424515,1827.9532159896758,1753.8882048227965,1687.569314240352,1637.7026956754223,1572.6739048756524,1548.2250051962976,1627.8953552609767
135,1809.6385898971714,1815.0179980095438,1805.5576810596683,1807.85175347886,1809.6445006509382,1809.4405796459844,1687.569314240352,1637.7026956754223,1572.6739048756524,1548.2250051962976,1627.8953552609767,1635.4721638592237
136,1778.4733629310906,1769.6433189881357,1766.1583074580146,1764.7706802381883,1764.9679127586164,1761.5866505117176,1637.7026956754223,1572.6739048756524,1548.2250051962976,1627.8953552609767,1635.4721638592237,1643.5511532084188
137,1736.9951150112015,1734.8262572441745,1731.8510482264378,1730.484886375554,1728.9421796424256,1718.5682623702041,1572.6739048756524,1548.2250051962976,1627.8953552609767,1635.4721638592237,1643.5511532084188,1626.5670688980456
138,1697.9290768127635,1697.9482089894298,1696.0978319681255,1698.5082529088315,1699.3580015358814,1669.4764191871773,1548.2250051962976,1627.8953552609767,1635.4721638592237,1643.5511532084188,1626.5670688980456,1589.7614273769439
139,1638.1718228691223,1648.484688276779,1650.3142998868236,1659.254392732147,1647.2453743126532,1644.496640491875,1627.8953552609767,1635.4721638592237,1643.5511532084188,1626.5670688980456,1589.7614273769439,1625.0824586525987
140,1636.303558040366,1632.6824436274574,1637.6236004572538,1632.222726975939,1639.0077278886656,1633.025500665158,1635.4721638592237,1643.5511532084188,1626.5670688980456,1589.7614273769439,1625.0824586525987,1701.3552141244443
141,1637.9379592299551,1632.1783185496122,1621.2855770882045,1632.614158866836,1642.4812290035566,1655.8761636352071,1643.5511532084188,1626.5670688980456,1589.7614273769439,1625.0824586525987,1701.3552141244443,1679.1123477423866
142,1639.4717220593575,1616.061948446817,1621.076989698698,1634.9626724391428,1647.0895948416683,1665.794952867387,1626.5670688980456,1589.7614273769439,1625.0824586525987,1701.3552141244443,1679.1123477423866,1672.2802941187533
143,1622.680826069467,1618.207707610308,1624.4871835298238,1638.947920393315,1651.4338433140963,1656.859759725844,1589.7614273769439,1625.0824586525987,1701.3552141244443,1679.1123477423866,1672.2802941187533,1759.049770549633
144,1635.5649471387467,1640.3663457511893,1645.9644517529323,1659.6389028192907,1672.3053370491864,1648.9198286363198,1625.0824586525987,1701.3552141244443,1679.1123477423866,1672.2802941187533,1759.049770549633,1780.0173918065088
145,1634.2748473560723,1630.4718217186835,1635.9174147186286,1648.4419130850458,1647.4240968410222,1645.1700775559082,1701.3552141244443,1679.1123477423866,1672.2802941187533,1759.049770549633,1780.0173918065088,1788.5777964953927
146,1677.8869551588432,1640.1866121728337,1642.621920497821,1643.0385508653028,1654.3030476294105,1653.0266359080904,1679.1123477423866,1672.2802941187533,1759.049770549633,1780.0173918065088,1788.5777964953927,1760.5712452330463
147,1673.3790721347666,1650.0902356552172,1642.0324783557369,1648.1485530428315,1655.856409273934,1649.544424208701,1672.2802941187533,1759.049770549633,1780.0173918065088,1788.5777964953927,1760.5712452330463,1764.0648895745899
148,1670.8831785836699,1657.849188797172,1656.7147907124063,1660.7451470505882,1666.3925611824384,1662.7576031620233,1759.049770549633,1780.0173918065088,1788.5777964953927,1760.5712452330463,1764.0648895745899,1769.9453118417723
149,1714.0137932736761,1697.2379074874302,1696.1198417485991,1700.3041887770207,1706.408908595037,1696.7226608597343,1780.0173918065088,1788.5777964953927,1760.5712452330463,1764.0648895745899,1769.9453118417723,1840.62571651949
150,1733.7875200427395,1708.8663822466497,1708.0592532651815,1713.517367730343,1721.183226500471,1714.2247916285348,1788.5777964953927,1760.5712452330463,1764.0648895745899,1769.9453118417723,1840.62571651949,1835.4086985895522
151,1733.8009747848666,1706.6860918374684,1706.8587480659191,1714.8147781821501,1714.9444258996398,1713.9860282855875,1760.5712452330463,1764.0648895745899,1769.9453118417723,1840.62571651949,1835.4086985895522,1787.7960993097367
152,1733.1953558429998,1711.4354602621481,1713.4104297510098,1713.7917511420428,1724.7736983214834,1728.9768664342675,1764.0648895745899,1769.9453118417723,1840.62571651949,1835.4086985895522,1787.7960993097367,1780.5233056650993
153,1740.145235676589,1726.5048492174656,1722.4399616335936,1732.7169736532703,1740.6530938620765,1724.5107475519378,1769.9453118417723,1840.62571651949,1835.4086985895522,1787.7960993097367,1780.5233056650993,1784.453879146929
154,1742.452062880225,1727.659157209656,1729.7430867778237,1737.8421415805956,1743.416837886499,1728.756068671848,1840.62571651949,1835.4086985895522,1787.7960993097367,1780.5233056650993,1784.453879146929,1776.7884870152564
155,1769.4988166131532,1755.4176123599495,1755.2958974961996,1761.169320186553,1767.0571308959438,1749.0950501563973,1835.4086985895522,1787.7960993097367,1780.5233056650993,1784.453879146929,1776.7884870152564,1807.4477223496706
156,1802.5324639541418,1781.1336687645949,1780.8143325150372,1786.2954678106587,1792.3389802179588,1764.761269696007,1787.7960993097367,1780.5233056650993,1784.453879146929,1776.7884870152564,1807.4477223496706,1792.3532126908444
157,1803.116073115535,1795.0815699657423,1793.546640540202,1796.2303560695455,1789.067844646504,1787.9767661650028,1780.5233056650993,1784.453879146929,1776.7884870152564,1807.4477223496706,1792.3532126908444,1789.4640984681055
158,1810.5259806929464,1805.7343037149888,1804.3902294176544,1794.8272520076193,1796.9569121444035,1793.8717319973746,1784.453879146929,1776.7884870152564,1807.4477223496706,1792.3532126908444,1789.4640984681055,1787.4476759298004
159,1811.2677802906767,1807.986923084737,1799.147235280373,1800.9846241980056,1803.2515538137156,1799.474659929822,1776.7884870152564,1807.4477223496706,1792.3532126908444,1789.4640984681055,1787.4476759298004,1826.3719338109117
160,1796.0593330756883,1793.054570289118,1793.6865543037075,1796.5255048925048,1799.0595850238578,1782.2892988990752,1807.4477223496706,1792.3532126908444,1789.4640984681055,1787.4476759298004,1826.3719338109117,1859.217525854426
161,1811.7067315309357,1800.4852432777889,1800.0342372107689,1801.5452903020146,1803.2034122797468,1789.5146509674266,1792.3532126908444,1789.4640984681055,1787.4476759298004,1826.3719338109117,1859.217525854426,1839.6642857554784
162,1811.8123473679789,1806.586307761239,1805.8486301365303,1807.4424337805108,1808.9823406829075,1801.9971518728694,1789.4640984681055,1787.4476759298004,1826.3719338109117,1859.217525854426,1839.6642857554784,1830.8810612042023
163,1809.6200799051123,1805.0297574206043,1804.2580929617366,1805.5340380446012,1800.641567160305,1801.19437818365,1787.4476759298004,1826.3719338109117,1859.217525854426,1839.6642857554784,1830.8810612042023,1847.2288062077366
164,1808.3685555680734,1806.5239337543844,1806.6771467138653,1803.8374183943092,1806.0310857725415,1804.590417314966,1826.3719338109117,1859.217525854426,1839.6642857554784,1830.8810612042023,1847.2288062077366,1864.502206360378
165,1825.4730325999067,1816.0021385117118,1813.2671705253642,1817.0965612354757,1820.9080641381352,1819.900902805507,1859.217525854426,1839.6642857554784,1830.8810612042023,1847.2288062077366,1864.502206360378,1837.075375605631
166,1838.1103796994237,1817.1094715660715,1817.655127466436,1821.1689150346322,1825.0720346206765,1824.233018678098,1839.6642857554784,1830.8810612042023,1847.2288062077366,1864.502206360378,1837.075375605631,1872.656246727796
167,1832.9837340836568,1820.9163080841784,1820.1485322791045,1821.4362988695027,1823.129107639077,1822.2871363196148,1830.8810612042023,1847.2288062077366,1864.502206360378,1837.075375605631,1872.656246727796,1783.4161529954804
168,1827.1334877699153,1826.6362067227474,1826.4644837712074,1828.555957327735,1831.2047527460093,1823.8777512674844,1847.2288062077366,1864.502206360378,1837.075375605631,1872.656246727796,1783.4161529954804,1785.2454535132215
169,1837.229832934326,1829.7231756505214,1829.3696192475772,1831.846225075856,1830.0530890383986,1828.8743603003822,1864.502206360378,1837.075375605631,1872.656246727796,1783.4161529954804,1785.2454535132215,1757.706707302285
170,1840.399552414835,1833.7477767810883,1833.4195744008805,1831.0782937246306,1835.1501808853316,1833.8790577331715,1837.075375605631,1872.656246727796,1783.4161529954804,1785.2454535132215,1757.706707302285,1741.6963419019123
171,1839.461453573587,1841.4445114623402,1836.558806835645,1839.8199874533875,1843.5748715568072,1835.8101632072376,1872.656246727796,1783.4161529954804,1785.2454535132215,1757.706707302285,1741.6963419019123,1750.4108928271876
172,1854.8878987202631,1846.366147250091,1846.0628322541643,1848.8670182780438,1852.0242940664123,1848.9959660378506,1783.4161529954804,1785.2454535132215,1757.706707302285,1741.6963419019123,1750.4108928271876,1748.2883878133841
173,1832.5102515977078,1842.530690240061,1842.5436005706567,1845.790159850134,1849.221352411747,1843.874920083547,1785.2454535132215,1757.706707302285,1741.6963419019123,1750.4108928271876,1748.2883878133841,1749.4849265857767
174,1819.627919309173,1831.05169533268,1830.8361083663444,1834.2847220969543,1838.7506076600564,1826.108438629835,1757.706707302285,1741.6963419019123,1750.4108928271876,1748.2883878133841,1749.4849265857767,1763.0308187577077
175,1810.292350373007,1823.573036356192,1824.309858477066,1829.1817194962546,1826.1958555671226,1816.7374051710683,1741.6963419019123,1750.4108928271876,1748.2883878133841,1749.4849265857767,1763.0308187577077,1774.0864170400052
176,1789.864940901184,1793.6500787311204,1799.5781758938165,1800.8903632300405,1813.0985584968594,1817.0254766441226,1750.4108928271876,1748.2883878133841,1749.4849265857767,1763.0308187577077,1774.0864170400052,1790.6397162830867
177,1788.6658356172873,1790.3679771559669,1785.4853056792313,1798.036324664523,1812.0948191795699,1813.7775174492797,1748.2883878133841,1749.4849265857767,1763.0308187577077,1774.0864170400052,1790.6397162830867,1844.5809440663731
178,1792.0864510405809,1785.7476342641698,1788.3310225256298,1799.891134751152,1812.7832664472476,1819.628697039932,1749.4849265857767,1763.0308187577077,1774.0864170400052,1790.6397162830867,1844.5809440663731,1848.9497688307788
179,1789.4619985950567,1788.059827810041,1789.6040900046871,1799.5295677213924,1810.5340690928379,1813.2765032944696,1763.0308187577077,1774.0864170400052,1790.6397162830867,1844.5809440663731,1848.9497688307788,1837.2526982186341
180,1783.8385385705774,1780.419089743422,1782.2472236650249,1789.3677376270919,1797.2064081718222,1793.606836900932,1774.0864170400052,1790.6397162830867,1844.5809440663731,1848.9497688307788,1837.2526982186341,1786.160064885554
181,1810.806274858413,1801.3593348775887,1799.6171402048317,1802.0025182151048,1795.5789287859861,1799.1330028074874,1790.6397162830867,1844.5809440663731,1848.9497688307788,1837.2526982186341,1786.160064885554,1790.8452705226339
182,1809.084534504612,1804.8302694809756,1804.6671793408582,1798.7377600358723,1800.2696563114534,1794.437220032088,1844.5809440663731,1848.9497688307788,1837.2526982186341,1786.160064885554,1790.8452705226339,1766.3717167782256
183,1824.0185205348248,1808.9294549913102,1801.1565804687732,1805.1341288884335,1809.7302065805563,1806.635071479815,1848.9497688307788,1837.2526982186341,1786.160064885554,1790.8452705226339,1766.3717167782256,1783.0296208083637
184,1817.4813824149232,1799.4448728417606,1798.9416810408259,1802.0624812566073,1805.8634847940232,1805.9921214615263,1837.2526982186341,1786.160064885554,1790.8452705226339,1766.3717167782256,1783.0296208083637,1764.7579254537443
185,1822.2152739975031,1815.4835476417531,1814.1029199987559,1816.196104562953,1819.051309724609,1816.9411706298702,1786.160064885554,1790.8452705226339,1766.3717167782256,1783.0296208083637,1764.7579254537443,1758.0366206901622
186,1817.3121482018112,1820.41544947552,1820.4901116283634,1823.8447754833119,1827.4679119961932,1815.64438236267,1790.8452705226339,1766.3717167782256,1783.0296208083637,1764.7579254537443,1758.0366206901622,1777.4938110403994
187,1832.8005007168867,1827.6820990471629,1828.3056835695577,1831.9453079745253,1829.9008093558282,1828.6439964496296,1766.3717167782256,1783.0296208083637,1764.7579254537443,1758.0366206901622,1777.4938110403994,1791.1923717602801
188,1807.0091599747911,1827.3188987828098,1827.3689846436757,1823.823621206673,1827.249525199126,1813.6103053361408,1783.0296208083637,1764.7579254537443,1758.0366206901622,1777.4938110403994,1791.1923717602801,1763.8444806775499
189,1807.043224582026,1815.3379564437084,1808.666737540992,1810.9192013645886,1813.38896316219,1801.9912411191026,1764.7579254537443,1758.0366206901622,1777.4938110403994,1791.1923717602801,1763.8444806775499,1725.9542936133207
190,1793.363951584963,1792.1691238202397,1792.5003593504068,1797.5341439135746,1803.51396017173,1796.8537850457885,1758.0366206901622,1777.4938110403994,1791.1923717602801,1763.8444806775499,1725.9542936133207,1756.6615927086282
191,1783.9216002156156,1787.63262030424,1788.040617860299,1792.0014450686456,1797.1044476693453,1796.9820328479123,1777.4938110403994,1791.1923717602801,1763.8444806775499,1725.9542936133207,1756.6615927086282,1764.0291139596857
192,1794.9397896484156,1794.7095035707391,1795.3055564242727,1798.8658522918442,1803.5737676670806,1798.7253163437315,1791.1923717602801,1763.8444806775499,1725.9542936133207,1756.6615927086282,1764.0291139596857,1780.0161474372949
193,1805.4230558653226,1797.7237546725667,1798.2281130696397,1801.655728069762,1800.1652848436242,1802.0281833301449,1763.8444806775499,1725.9542936133207,1756.6615927086282,1764.0291139596857,1780.0161474372949,1772.6486261862374
194,1795.8625671937154,1792.263929199736,1792.510392077195,1791.4144916649896,1795.95060631561,1798.5160289965422,1725.9542936133207,1756.6615927086282,1764.0291139596857,1780.0161474372949,1772.6486261862374,1772.596907090778
195,1780.3925691245474,1781.665947695908,1777.3084778005807,1782.347084294453,1788.4396715126322,1789.2504558286669,1756.6615927086282,1764.0291139596857,1780.0161474372949,1772.6486261862374,1772.596907090778,1754.237794798871
196,1772.5650979027437,1768.8826983060428,1769.5017719900366,1772.6894570510735,1776.342147332789,1780.6573086748383,1764.0291139596857,1780.0161474372949,1772.6486261862374,1772.596907090778,1754.237794798871,1772.6473818170232
197,1768.901208298102,1768.2580249605858,1767.83618379702,1768.2779348680106,1768.701875904625,1768.380128689715,1780.0161474372949,1772.6486261862374,1772.596907090778,1754.237794798871,1772.6473818170232,1776.2812510143758
198,1776.3711566900915,1771.2768646738903,1771.0505450230835,1771.3764919840908,1771.4265778449565,1762.7999882685,1772.6486261862374,1772.596907090778,1754.237794798871,1772.6473818170232,1776.2812510143758,1787.2704310898732
199,1779.7057550914633,1773.6627093226186,1773.6295779922943,1774.9007011444544,1772.8567469372886,1772.7498867310312,1772.596907090778,1754.237794798871,1772.6473818170232,1776.2812510143758,1787.2704310898732,1772.7963172573309
200,1779.3633202383696,1776.0827741247338,1775.810879451462,1774.3844434667722,1775.9738140454276,1774.6843364473602,1754.237794798871,1772.6473818170232,1776.2812510143758,1787.2704310898732,1772.7963172573309,1790.813228015372
201,1775.455923133152,1777.4112938068922,1774.7205009276438,1776.5165923419845,1778.0908749439195,1775.9529708610921,1772.6473818170232,1776.2812510143758,1787.2704310898732,1772.7963172573309,1790.813228015372,1809.56501656739
202,1783.708735306936,1778.174558773565,1778.484640027093,1780.454320946795,1782.247768076556,1780.4861301348294,1776.2812510143758,1787.2704310898732,1772.7963172573309,1790.813228015372,1809.56501656739,1786.3915175593688
203,1787.3879462075258,1781.0583066540685,1781.4565825756429,1783.6502499538751,1785.4807948408302,1779.97321669941,1787.2704310898732,1772.7963172573309,1790.813228015372,1809.56501656739,1786.3915175593688,1726.3543583156404
204,1792.0725296599985,1782.3235968255376,1781.9007446119856,1783.5532669282545,1785.687982314971,1781.0908157997856,1772.7963172573309,1790.813228015372,1809.56501656739,1786.3915175593688,1726.3543583156404,1998.6676062816753
205,1780.758102581177,1783.2765503242783,1782.67831982462,1783.742022183412,1782.5069079653836,1781.205297767479,1790.813228015372,1809.56501656739,1786.3915175593688,1726.3543583156404,1998.6676062816753,2096.029853420299
206,1794.7575673316321,1790.696568401554,1790.2370850692632,1787.8976709468343,1789.5750806473843,1784.7635715350775,1809.56501656739,1786.3915175593688,1726.3543583156404,1998.6676062816753,2096.029853420299,1719.0028583182138
207,1793.600381735634,1794.239209780901,1790.6333388908647,1791.5999804509602,1793.0520815506898,1791.830655394016,1786.3915175593688,1726.3543583156404,1998.6676062816753,2096.029853420299,1719.0028583182138,1960.6482381384117
208,1795.2008738641402,1792.7954304002903,1792.5127252694715,1793.89125303942,1795.7923381061971,1796.5615915997125,1726.3543583156404,1998.6676062816753,2096.029853420299,1719.0028583182138,1960.6482381384117,1893.2348470591273
209,1768.985669858506,1772.6028956176206,1769.5631349469047,1765.5262456703492,1762.016424529023,1758.7578881958605,1998.6676062816753,2096.029853420299,1719.0028583182138,1960.6482381384117,1893.2348470591273,1534.6286382981214
210,1891.008359442874,1744.773900287505,1688.4369506748537,1618.5606418286452,1584.244049827963,1550.3949517863869,2096.029853420299,1719.0028583182138,1960.6482381384117,1893.2348470591273,1534.6286382981214,1365.504007450157
211,1893.0116383313557,1559.7165993419708,1485.800523615399,1422.5988556872453,1371.3771968212825,1356.801433578567,1719.0028583182138,1960.6482381384117,1893.2348470591273,1534.6286382981214,1365.504007450157,1372.0171914626878
212,1599.4755178734113,1487.6834097824203,1416.3976972551395,1298.6005744294084,1272.1426406539572,1262.0442733895736,1960.6482381384117,1893.2348470591273,1534.6286382981214,1365.504007450157,1372.0171914626878,1398.4492268038714
213,1794.9666991326696,1589.7686602730007,1453.4556346343913,1384.385832585044,1357.3407120867091,1349.2698111374054,1893.2348470591273,1534.6286382981214,1365.504007450157,1372.0171914626878,1398.4492268038714,1378.4861225950438
214,1699.297338536696,1537.145608352781,1475.7046450894436,1413.5864338813549,1393.9545652026943,1421.7421852564423,1534.6286382981214,1365.504007450157,1372.0171914626878,1398.4492268038714,1378.4861225950438,1346.9639172106802
215,1428.398393955514,1494.7671370795968,1426.5212629961077,1318.5312472655949,1259.073030798707,1291.9906407104845,1365.504007450157,1372.0171914626878,1398.4492268038714,1378.4861225950438,1346.9639172106802,1343.1711576193075
216,1334.8674040808232,1445.8158298446829,1363.4200778819893,1236.1526831526705,1150.4504866420732,1136.0594344545693,1372.0171914626878,1398.4492268038714,1378.4861225950438,1346.9639172106802,1343.1711576193075,1249.6865982709162
217,1301.5312194746666,1381.599301049389,1309.1291823495526,1208.4195820251132,1044.4766601306378,1113.3001159621394,1398.4492268038714,1378.4861225950438,1346.9639172106802,1343.1711576193075,1249.6865982709162,703.5349723208669
218,1279.4577428518726,1316.586453730174,1263.232645988999,1084.815532488905,1063.7380178758126,1163.114898771996,1378.4861225950438,1346.9639172106802,1343.1711576193075,1249.6865982709162,703.5349723208669,489.59701271553024
219,1248.8820358009518,1220.473397736313,1089.1981619742792,1087.0981333794048,1098.0528988688257,1253.0510615334254,1346.9639172106802,1343.1711576193075,1249.6865982709162,703.5349723208669,489.59701271553024,473.33673447266034
220,1421.5940275468936,1289.7492206636628,1294.0202846716888,1332.034130926565,1376.541329059623,1581.5314027143925,1343.1711576193075,1249.6865982709162,703.5349723208669,489.59701271553024,473.33673447266034,490.1891234462804
221,1425.085183150009,1375.1249258017215,1358.8358216973998,1388.5382926523555,1437.7759603526545,1612.8473539015258,1249.6865982709162,703.5349723208669,489.59701271553024,473.33673447266034,490.1891234462804,1103.3649943840253
222,1186.764602323622,1278.9806828044332,1276.121044577452,1300.9212452405507,1331.7018065733357,1428.0809242597775,703.5349723208669,489.59701271553024,473.33673447266034,490.1891234462804,1103.3649943840253,886.5231205826507
223,807.5687494545101,1054.7285903333436,1112.474632534764,1171.258673093398,1094.0062490712473,957.312640885826,489.59701271553024,473.33673447266034,490.1891234462804,1103.3649943840253,886.5231205826507,792.5658175925311
224,784.1481264978845,1108.6991774527742,1113.3705783688856,986.1071111798987,955.9398294369545,779.5265003503355,473.33673447266034,490.1891234462804,1103.3649943840253,886.5231205826507,792.5658175925311,492.7286768578484
225,953.9508219078967,1136.5342001962701,969.9327223624979,919.6739330624505,867.06939113429,686.4337228716827,490.1891234462804,1103.3649943840253,886.5231205826507,792.5658175925311,492.7286768578484,484.1202934723733
226,1069.4336513147075,1041.0674384629606,959.514863302405,897.5631253632346,853.1370056617801,685.1716602828624,1103.3649943840253,886.5231205826507,792.5658175925311,492.7286768578484,484.1202934723733,457.93569195689315
227,1143.0863874063543,840.0206541879267,764.1037299814947,724.2451646965847,719.30548555523,598.8002653408676,886.5231205826507,792.5658175925311,492.7286768578484,484.1202934723733,457.93569195689315,455.8651490794111
228,796.097687400869,553.3197371631887,539.6162767395276,566.5788022312794,621.2026054150144,501.5986584904714,792.5658175925311,492.7286768578484,484.1202934723733,457.93569195689315,455.8651490794111,461.25939240600735
229,714.5520923738735,579.1003063342752,579.960359893879,618.482919838077,629.4744331058507,771.1298274294451,492.7286768578484,484.1202934723733,457.93569195689315,455.8651490794111,461.25939240600735,454.11042808062047
230,653.963269259669,636.889493149539,651.557378600633,671.4778826071481,771.7446041509966,962.0199729629933,484.1202934723733,457.93569195689315,455.8651490794111,461.25939240600735,454.11042808062047,475.3395710267728
231,699.0847191460164,707.354952488797,712.4378896359201,803.2465302058248,946.2887351319489,1110.6396934690217,457.93569195689315,455.8651490794111,461.25939240600735,454.11042808062047,475.3395710267728,690.8593608680176
232,700.8973567822504,718.5946007551614,765.4741887948209,902.299855663084,1076.167555316582,1193.1889694834995,455.8651490794111,461.25939240600735,454.11042808062047,475.3395710267728,690.8593608680176,1090.4074944176539
233,808.1698964445139,872.5370716877845,939.7002278954295,1119.2186859230405,1280.0991374086436,1322.483908300974,461.25939240600735,454.11042808062047,475.3395710267728,690.8593608680176,1090.4074944176539,1422.815687022795
234,724.7877485604519,787.2209601691178,851.8950474130744,992.2966425371608,1104.0983944895606,1093.8454532368683,454.11042808062047,475.3395710267728,690.8593608680176,1090.4074944176539,1422.815687022795,1456.517949497112
235,747.7518241184009,815.1728952889284,842.5439238617327,889.9602238980304,879.4631140736171,920.9508503087635,475.3395710267728,690.8593608680176,1090.4074944176539,1422.815687022795,1456.517949497112,1501.1810826473065
236,662.6918971116784,745.1898428960765,768.061387936999,764.4434233336635,808.4106624441652,845.6095051936402,690.8593608680176,1090.4074944176539,1422.815687022795,1456.517949497112,1501.1810826473065,1491.623627125659
237,1184.5206935383721,1284.676394016404,1292.7549945002197,1346.360398141862,1377.728612835986,1361.2116336193399,1090.4074944176539,1422.815687022795,1456.517949497112,1501.1810826473065,1491.623627125659,1487.7422840008605
238,1378.6859994000517,1305.703589449403,1329.3403826704332,1392.855165002074,1482.4399490066837,1514.5840279057727,1422.815687022795,1456.517949497112,1501.1810826473065,1491.623627125659,1487.7422840008605,1649.304883134995
239,1399.825265835392,1394.2101275300313,1420.2855733183117,1470.7669880480616,1522.8108638722133,1527.654415491782,1456.517949497112,1501.1810826473065,1491.623627125659,1487.7422840008605,1649.304883134995,1794.786965554314
240,1437.4798004797087,1486.190011179399,1509.3702764450218,1560.6292663874062,1611.484458519829,1574.0082575385018,1501.1810826473065,1491.623627125659,1487.7422840008605,1649.304883134995,1794.786965554314,1794.06429813325
241,1464.2008405708575,1553.3518063582162,1575.6712014469385,1630.6698319698705,1631.1687462516318,1622.8526267940829,1491.623627125659,1487.7422840008605,1649.304883134995,1794.786965554314,1794.06429813325,1823.8114886068358
242,1462.2349705318736,1569.9181714780452,1584.4338939061827,1576.8937941997503,1637.928393141622,1654.0089098564374,1487.7422840008605,1649.304883134995,1794.786965554314,1794.06429813325,1823.8114886068358,1818.797613951093
243,1509.486158328081,1607.072314152159,1547.8800816047758,1604.9372099000632,1667.3805903384002,1526.4831529690498,1649.304883134995,1794.786965554314,1794.06429813325,1823.8114886068358,1818.797613951093,1784.9352167135416
244,1702.6859114527276,1617.5012169890267,1619.8631075303845,1669.0559779389775,1722.8682579624572,1542.8733620720138,1794.786965554314,1794.06429813325,1823.8114886068358,1818.797613951093,1784.9352167135416,1806.4838806203068
245,1759.034449253685,1673.4654780220676,1669.6776959075512,1710.9545115609149,1754.0351959362072,1618.1794759837642,1794.06429813325,1823.8114886068358,1818.797613951093,1784.9352167135416,1806.4838806203068,1785.0066123971983
246,1774.7399441966134,1688.7536426398315,1687.612789389768,1730.5941575471634,1770.7357196119267,1601.4633199197929,1823.8114886068358,1818.797613951093,1784.9352167135416,1806.4838806203068,1785.0066123971983,1783.0678073886202
247,1782.868008356688,1692.887359395856,1699.963153839293,1753.0840312182115,1734.2547029095424,1704.309813277073,1818.797613951093,1784.9352167135416,1806.4838806203068,1785.0066123971983,1783.0678073886202,1757.831066450615
248,1844.4442189989784,1730.9075052698784,1744.0807088621991,1771.6455090535549,1818.8010359664315,1842.3227250351615,1784.9352167135416,1806.4838806203068,1785.0066123971983,1783.0678073886202,1757.831066450615,1730.3182186739461
249,1850.2123369445922,1794.4394754512884,1775.0635579653444,1814.1321626752863,1843.852521437694,1833.8036178495693,1806.4838806203068,1785.0066123971983,1783.0678073886202,1757.831066450615,1730.3182186739461,1726.539069370852
250,1819.2969170982337,1775.3713060265961,1770.2192286150168,1778.2109565730761,1792.338824671807,1742.2423088945802,1785.0066123971983,1783.0678073886202,1757.831066450615,1730.3182186739461,1726.539069370852,1733.4313971282913
251,1813.505622776008,1803.2485984368323,1798.7639695624432,1805.6782293272802,1818.1065223988355,1780.3298840253892,1783.0678073886202,1757.831066450615,1730.3182186739461,1726.539069370852,1733.4313971282913,1719.0003695797857
252,1849.2222856886574,1827.951193889703,1823.2303681838707,1828.7395017868087,1838.0341620850627,1776.7539557695661,1757.831066450615,1730.3182186739461,1726.539069370852,1733.4313971282913,1719.0003695797857,1722.9038780312096
253,1851.5576556111405,1832.7799686248547,1829.1146791048473,1836.2495810859518,1816.6621208336178,1791.71018489948,1730.3182186739461,1726.539069370852,1733.4313971282913,1719.0003695797857,1722.9038780312096,1719.7193038932078
254,1813.2357502027094,1798.2949979148952,1796.2791197881213,1784.9776808129714,1794.366135440735,1784.7169076895505,1726.539069370852,1733.4313971282913,1719.0003695797857,1722.9038780312096,1719.7193038932078,1728.8077877673074
255,1777.897686623437,1771.8233760780893,1764.1400183658886,1772.8304596376415,1782.8592199991137,1779.1900418253122,1733.4313971282913,1719.0003695797857,1722.9038780312096,1719.7193038932078,1728.8077877673074,1728.006413993454
256,1771.627465699951,1768.7976923341075,1771.1006308839492,1779.673245945746,1790.106426301787,1796.7954552388794,1719.0003695797857,1722.9038780312096,1719.7193038932078,1728.8077877673074,1728.006413993454,1763.7140552293015
257,1762.3510043014528,1759.8274235353433,1762.67695126246,1772.5517209336926,1783.8326278168106,1787.635109042668,1722.9038780312096,1719.7193038932078,1728.8077877673074,1728.006413993454,1763.7140552293015,1785.4042661341657
258,1762.448842830908,1756.73213288845,1761.034694992207,1772.4064408279512,1783.5297794593391,1785.5958989931305,1719.7193038932078,1728.8077877673074,1728.006413993454,1763.7140552293015,1785.4042661341657,1784.9610373747335
259,1773.7505151252856,1768.0107065792918,1773.7626477251226,1785.942844684625,1791.4659774412212,1796.336360771968,1728.8077877673074,1728.006413993454,1763.7140552293015,1785.4042661341657,1784.9610373747335,1762.7772007572676
260,1772.1237356971326,1765.441861883021,1769.2383545820358,1773.3071308197016,1780.1389511241073,1783.8625704510239,1728.006413993454,1763.7140552293015,1785.4042661341657,1784.9610373747335,1762.7772007572676,1714.3853930302243
261,1749.8065960276108,1756.791707064573,1750.7909698490064,1752.8136920064576,1755.433244748201,1754.0956256161649,1763.7140552293015,1785.4042661341657,1784.9610373747335,1762.7772007572676,1714.3853930302243,1700.4012495757172
262,1756.7515761574198,1746.1186745425223,1745.868323011269,1746.999999038379,1748.0005496595575,1749.7112462365835,1785.4042661341657,1784.9610373747335,1762.7772007572676,1714.3853930302243,1700.4012495757172,1687.3119631322695
263,1763.9773170911506,1750.909651562797,1750.7926030835997,1752.7080761694144,1754.9042322860748,1756.7691528725684,1784.9610373747335,1762.7772007572676,1714.3853930302243,1700.4012495757172,1687.3119631322695,1695.8182377603418
264,1775.2127267248795,1767.2188211206956,1766.129998058395,1767.017311081094,1768.4290479544427,1762.6498862320543,1762.7772007572676,1714.3853930302243,1700.4012495757172,1687.3119631322695,1695.8182377603418,1683.803697452461
265,1779.8035936209185,1771.4136675143607,1770.938007382287,1772.4978241921087,1771.0947201301824,1767.481305251786,1714.3853930302243,1700.4012495757172,1687.3119631322695,1695.8182377603418,1683.803697452461,1666.97959235917
266,1762.1205626776243,1768.9193294247816,1768.9386949206753,1767.2861726044064,1770.213395634326,1766.5044754187504,1700.4012495757172,1687.3119631322695,1695.8182377603418,1683.803697452461,1666.97959235917,1665.648895030887
267,1745.6329039105844,1766.2000715997615,1760.442686338619,1761.9787045872217,1764.0061709023016,1752.9256852357228,1687.3119631322695,1695.8182377603418,1683.803697452461,1666.97959235917,1665.648895030887,1733.5939428568777
268,1725.989991455149,1749.630206691518,1747.764275055038,1747.0688282105316,1746.6553087660848,1734.8897200740914,1695.8182377603418,1683.803697452461,1666.97959235917,1665.648895030887,1733.5939428568777,1752.6424356933728
269,1714.8549868623793,1721.5303277381172,1720.507222924934,1724.4788605908275,1729.7591858045305,1726.8381846206812,1683.803697452461,1666.97959235917,1665.648895030887,1733.5939428568777,1752.6424356933728,1761.0415390228843
270,1706.9941509910238,1708.3110824848764,1708.607397903974,1714.052290946236,1720.1654880295234,1710.1537599716685,1666.97959235917,1665.648895030887,1733.5939428568777,1752.6424356933728,1761.0415390228843,1737.7940778197026
271,1700.3184212499066,1698.334352311167,1698.8803970769109,1702.9224971495503,1698.8262670160993,1703.193069680532,1665.648895030887,1733.5939428568777,1752.6424356933728,1761.0415390228843,1737.7940778197026,1732.4502897760826
272,1698.5212410125034,1692.5745560846724,1693.1358443732884,1688.7984399315376,1691.8791092401657,1697.8732357442827,1733.5939428568777,1752.6424356933728,1761.0415390228843,1737.7940778197026,1732.4502897760826,1747.5743532037425
273,1720.8520687433797,1700.1743077403034,1693.3548533549624,1694.8582069116962,1696.9891114176946,1707.9029293826654,1752.6424356933728,1761.0415390228843,1737.7940778197026,1732.4502897760826,1747.5743532037425,1776.8216961186565
274,1734.2298932983372,1704.602084496225,1702.7727062054082,1704.586763200277,1707.6363232785536,1713.5029019382296,1761.0415390228843,1737.7940778197026,1732.4502897760826,1747.5743532037425,1776.8216961186565,1789.5354941517621
275,1736.0359396663905,1711.0339956444627,1708.5150034898302,1709.9811815162939,1713.5383664608303,1720.0773711345528,1737.7940778197026,1732.4502897760826,1747.5743532037425,1776.8216961186565,1789.5354941517621,1833.373843832264
276,1733.1442589321475,1719.3718915632578,1717.115150220488,1717.7327462160401,1720.3785084843548,1715.5832539449068,1732.4502897760826,1747.5743532037425,1776.8216961186565,1789.5354941517621,1833.373843832264,1858.624117285472
277,1728.8550737974415,1724.9510987075626,1723.4573112391618,1725.0260719527093,1722.482659052251,1721.8653741490023,1747.5743532037425,1776.8216961186565,1789.5354941517621,1833.373843832264,1858.624117285472,1820.800426201119
278,1734.7638832373198,1733.1755237086506,1733.0828959752791,1730.7524257565765,1734.8019920445001,1732.1055217307126,1776.8216961186565,1789.5354941517621,1833.373843832264,1858.624117285472,1820.800426201119,1808.7132458403676
279,1746.780212325946,1741.6590108254907,1736.3830409040368,1742.1657024148399,1747.9156992337737,1743.7557729511782,1789.5354941517621,1833.373843832264,1858.624117285472,1820.800426201119,1808.7132458403676,1787.4169555648284
280,1757.8127897777836,1741.8165790772207,1744.2611423982373,1750.6158248821278,1757.2309693971356,1754.7353091652665,1833.373843832264,1858.624117285472,1820.800426201119,1808.7132458403676,1787.4169555648284,1829.045616613467
281,1780.9449912825132,1766.681020300995,1767.4851939055798,1773.906061277043,1781.6801801687939,1779.1400337375221,1858.624117285472,1820.800426201119,1808.7132458403676,1787.4169555648284,1829.045616613467,1850.6374445773447
282,1796.4545758473034,1792.381133225085,1791.3728830693944,1797.3657652042975,1805.083109750657,1801.8301730789578,1820.800426201119,1808.7132458403676,1787.4169555648284,1829.045616613467,1850.6374445773447,1775.956315103355
283,1802.9536051600246,1799.7670866951257,1799.0867278273395,1805.8249871214632,1806.3763204563668,1807.7424045341747,1808.7132458403676,1787.4169555648284,1829.045616613467,1850.6374445773447,1775.956315103355,1781.4785923561165
284,1805.9877661692772,1803.168025530222,1802.7992256044056,1802.7147640440014,1807.9611801966212,1805.0431343896555,1787.4169555648284,1829.045616613467,1850.6374445773447,1775.956315103355,1781.4785923561165,1782.4880091079451
285,1809.3688728700242,1809.0977559275113,1801.7405784955456,1805.256777029094,1809.20119411843,1804.6752677407496,1829.045616613467,1850.6374445773447,1775.956315103355,1781.4785923561165,1782.4880091079451,1783.62544034267
286,1828.3333707845704,1809.7256957421555,1808.323291637912,1811.816702660228,1815.7717746609594,1802.916118537451,1850.6374445773447,1775.956315103355,1781.4785923561165,1782.4880091079451,1783.62544034267,1775.3235533580066
287,1835.493315696108,1821.4372321464132,1820.5655515119656,1824.9163329227674,1829.7027991046414,1812.8941708534503,1775.956315103355,1781.4785923561165,1782.4880091079451,1783.62544034267,1775.3235533580066,1808.3365130608115
288,1825.0561689131973,1825.215137080293,1823.6557869089268,1825.3947928855728,1827.6029260559185,1813.4368713769313,1781.4785923561165,1782.4880091079451,1783.62544034267,1775.3235533580066,1808.3365130608115,1779.533565501468
289,1820.1953516707836,1821.2608428103206,1820.480156674651,1821.9471124318736,1815.5132569567388,1812.8862379997108,1782.4880091079451,1783.62544034267,1775.3235533580066,1808.3365130608115,1779.533565501468,1770.1521882236095
290,1817.8789583788146,1820.6780113796863,1820.0665594571285,1816.2046596012997,1816.5244624893126,1819.299405836662,1783.62544034267,1775.3235533580066,1808.3365130608115,1779.533565501468,1770.1521882236095,1778.8183642956883
291,1818.6691328297413,1820.2396823240342,1814.084254460545,1815.0013545713057,1814.6112448226986,1806.5265002658884,1775.3235533580066,1808.3365130608115,1779.533565501468,1770.1521882236095,1778.8183642956883,1787.4328990453837
292,1809.497820629831,1803.9605331734251,1803.5827115708066,1806.5826524266727,1808.7539989321278,1801.6602389081631,1808.3365130608115,1779.533565501468,1770.1521882236095,1778.8183642956883,1787.4328990453837,1800.956703663765
293,1813.1550217499473,1802.7926926660316,1802.4319811401067,1804.0827146756303,1805.2098020912633,1809.2386807410035,1779.533565501468,1770.1521882236095,1778.8183642956883,1787.4328990453837,1800.956703663765,1786.1970070965965
294,1801.191889445222,1800.5472284192642,1800.5938144917154,1802.3660295717616,1803.6546516659944,1800.6998969672138,1770.1521882236095,1778.8183642956883,1787.4328990453837,1800.956703663765,1786.1970070965965,1804.5696519037065
295,1791.1338864072195,1794.9413451099333,1795.97759357294,1798.9545913714219,1795.5318760750795,1796.5241049771391,1778.8183642956883,1787.4328990453837,1800.956703663765,1786.1970070965965,1804.5696519037065,1802.236926265803
296,1794.34622553331,1794.1942569430432,1794.2345433963483,1789.0085037896085,1788.8265925651285,1793.0656918389686,1787.4328990453837,1800.956703663765,1786.1970070965965,1804.5696519037065,1802.236926265803,1826.780553551578
297,1796.9786886056495,1792.2611293690043,1786.4834453350575,1786.17033093157,1786.397817178515,1791.069568073468,1800.956703663765,1786.1970070965965,1804.5696519037065,1802.236926265803,1826.780553551578,1814.3586378722448
298,1799.1924992105344,1785.9202127195445,1785.0224003316016,1786.2699582417706,1788.0557058370196,1783.3680892345876,1786.1970070965965,1804.5696519037065,1802.236926265803,1826.780553551578,1814.3586378722448,1750.9620706159394
299,1789.388191946048,1785.1290272186313,1784.995801939651,1785.9937082762497,1787.1703371412173,1788.6243825678441,1804.5696519037065,1802.236926265803,1826.780553551578,1814.3586378722448,1750.9620706159394,1522.1351713889796
300,1796.5099502773292,1789.751392210401,1789.4018800074027,1790.3591110253167,1791.5674713052429,1791.4415566953953,1802.236926265803,1826.780553551578,1814.3586378722448,1750.9620706159394,1522.1351713889796,1507.7780282625588
301,1796.1750594125958,1790.6198841487376,1790.3799542096522,1791.5113191444584,1789.9804339188636,1791.0956220538872,1826.780553551578,1814.3586378722448,1750.9620706159394,1522.1351713889796,1507.7780282625588,1503.8856413609856
302,1810.6661277756796,1803.9124694125321,1803.4345538612579,1801.114427461647,1802.2265824467113,1799.9473646850124,1814.3586378722448,1750.9620706159394,1522.1351713889796,1507.7780282625588,1503.8856413609856,1036.5697048252862
303,1810.4418302248457,1809.1414643961552,1805.2839976056516,1806.3390671530208,1807.8980284590077,1806.233917954433,1750.9620706159394,1522.1351713889796,1507.7780282625588,1503.8856413609856,1036.5697048252862,468.3487217950557
304,1786.8197361151565,1786.6242146023976,1783.764343056189,1781.810138978587,1781.3117691083569,1781.8507365241956,1522.1351713889796,1507.7780282625588,1503.8856413609856,1036.5697048252862,468.3487217950557,431.3350154223011
305,1709.5520296835957,1700.6470124954938,1690.4866600896348,1683.4747951145703,1680.6818861866932,1667.2671971937693,1507.7780282625588,1503.8856413609856,1036.5697048252862,468.3487217950557,431.3350154223011,430.3465196278838
306,1681.2507184636693,1687.3805589851945,1680.8610753535174,1678.6768185174665,1677.7611960951474,1623.639223683519,1503.8856413609856,1036.5697048252862,468.3487217950557,431.3350154223011,430.3465196278838,435.57950048164577
307,1673.3766611694143,1674.587121322389,1672.6462942138382,1676.859261734183,1643.1237123833898,1603.2223135769398,1036.5697048252862,468.3487217950557,431.3350154223011,430.3465196278838,435.57950048164577,454.43965123244914
308,1283.3950048182278,1423.8052716402744,1421.742340802594,1358.4109473838748,1337.4318934848447,1358.7596040830388,468.3487217950557,431.3350154223011,430.3465196278838,435.57950048164577,454.43965123244914,460.1958067068293
309,842.8414058769683,1041.173443165383,953.5580678747098,954.6505073850387,940.8676406509056,916.7016016485213,431.3350154223011,430.3465196278838,435.57950048164577,454.43965123244914,460.1958067068293,450.76758087238835
310,633.1297287856079,821.5114787461118,823.1218091687166,827.9047366756379,819.1681370833511,718.554508734546,430.3465196278838,435.57950048164577,454.43965123244914,460.1958067068293,450.76758087238835,440.7016935888186
311,468.74233376248606,745.4522881406289,752.7724067019384,783.3383532318363,797.9460423222002,710.4063013478188,435.57950048164577,454.43965123244914,460.1958067068293,450.76758087238835,440.7016935888186,479.30708428923606
312,399.92778294817236,617.311657315345,658.5892506994674,735.7437973056248,794.3554927281119,691.2932957448824,454.43965123244914,460.1958067068293,450.76758087238835,440.7016935888186,479.30708428923606,744.9014797739875
313,298.28996096312176,480.7111046152125,577.8992956100196,702.502651398192,681.1399429158527,734.9379126933705,460.1958067068293,450.76758087238835,440.7016935888186,479.30708428923606,744.9014797739875,1342.785869801405
314,270.0093373813791,456.9480468054933,565.9154367805727,591.7852894427679,691.820247220498,704.5186461845797,450.76758087238835,440.7016935888186,479.30708428923606,744.9014797739875,1342.785869801405,1466.4078071450651
315,351.5610959246379,514.5174274650552,505.7367694252831,615.9076394197773,716.6081597376076,757.3595988201422,440.7016935888186,479.30708428923606,744.9014797739875,1342.785869801405,1466.4078071450651,1447.0528106165323
316,406.5554683716656,440.85808066195875,505.892529452999,602.5235152456737,695.0418802291559,736.3823531451262,479.30708428923606,744.9014797739875,1342.785869801405,1466.4078071450651,1447.0528106165323,1454.113828175552
317,450.11443772034244,512.0479962030262,573.3628309805576,670.2504290370938,759.1246782204764,800.1882012132429,744.9014797739875,1342.785869801405,1466.4078071450651,1447.0528106165323,1454.113828175552,1459.6447382397362
318,745.7486424462643,671.920022543518,708.6158484814791,783.6751884234667,853.9314965184182,819.3781438314924,1342.785869801405,1466.4078071450651,1447.0528106165323,1454.113828175552,1459.6447382397362,1471.0573149403165
319,1184.808376146047,1232.4633617522163,1252.4389874262606,1310.8617331609007,1321.1923308298576,1307.6227178697836,1466.4078071450651,1447.0528106165323,1454.113828175552,1459.6447382397362,1471.0573149403165,1483.0103367451775
